Group,Item,Ref,Qty,Unit INR,Line INR,Source / basis,Status
Board,PCB share: 1 Mini-C3 + 1 AHT20 stick (1/4 of a 96x100 panel),-,1,37.5,37.5,WhyPCB: 20 panels Rs 3000 = Rs 150 per panel / 4,quoted
Board,DS1307Z+ RTC SOIC-8,U2,1,30,30,LCSC (extended part),estimate
Board,Crystal 32.768 kHz 12.5 pF 2x6 mm,Y1,1,3,3,local,estimate
Board,CR2032 with 3 solder tabs vertical,BT1,1,29.5,29.5,rajivelectronics.com (Rs 25 + GST),quoted
Board,Relay Hongfa HF46F 5 V 5 A 250 VAC (VDE reinforced),K1,1,42,42,techiesms.com pack of 5 = Rs 210 incl. GST,quoted
Board,AO3400A MOSFET SOT-23,"Q1,Q2",2,1.5,3,LCSC C20917 basic,estimate
Board,B5819W Schottky SOD-123,"D1,D2,D6",3,1,3,LCSC C8598 basic,estimate
Board,LED 0805 red/yellow/green/blue,D3-D5 D7,4,0.5,2,LCSC basic,estimate
Board,Resistor 0805 (100/470/1k/4.7k/10k/100k),R1-R12,12,0.1,1.2,LCSC basic,estimate
Board,Capacitor 100 nF 0805,C2,1,0.3,0.3,LCSC basic,estimate
Board,Capacitor 220 uF 10 V radial 5 mm,C1,1,2,2,local,estimate
Board,Screw terminals 3.81 mm: 2P PUMP + 4P I2C + 5P AUX,"J1,J5,J3",11,2,22,local per pole (same family as WPC),estimate
Board,Screw terminal 5.08 mm 2P (relay 230 V),J6,1,6,6,local (KF301 type),estimate
Board,JST-XH 3-pin vertical header,J4,1,2,2,mates YF-S401 plug,estimate
Board,Female header 1x8 2.54 mm (Super Mini socket),U1,2,4,8,local,estimate
Board,AHT20 sensor (on the stick),U1 stick,1,50,50,LCSC; verify price,estimate
Board,Capacitor 10 uF 0805 (on the stick),C1 stick,1,0.5,0.5,LCSC C15850 basic,estimate
Board,SMT assembly per Mini + stick (JLC) at 80 sets,-,1,25,25,setup + stencil + 2 extended fees (DS1307 AHT20) spread over 80,estimate
Kit,ESP32-C3 Super Mini USB-C,-,1,238,238,robosap.in (Rs 202 + GST); ~Rs 160-180 in bulk,quoted
Kit,YF-S401 flow sensor 0.3-6 L/min (JST lead),-,1,230,230,amelectronics.in Rs 230 incl. GST,quoted
Kit,Mini submersible pump 3-6 V DC,-,1,90,90,quartzcomponents.com (page not readable; confirm),estimate
Kit,Enclosure REI IP-65-26 (TR top) 90x58x44,-,1,95,95,reicabinets.com,quoted
Kit,4-core cable 1 m for the AHT20 stick,-,1,15,15,local,estimate
Kit,Silicone tube 1 m for pump,-,1,30,30,local,estimate
Kit,Cable gland PG7,-,3,10,30,local,estimate
Kit,Nylon reverse-mount snap standoff 5 mm (base taped to box floor),-,3,9.4,28.2,probots.co.in PRO5803 (Rs 9.40 at 50+),quoted
Kit,Double-sided foam tape square for each standoff base,-,3,1,3,local,estimate
