Comment,Designator,Footprint,LCSC Part #
100,"R1,R10",R_0805_2012Metric,C17408
100k,"R2,R11",R_0805_2012Metric,C149504
100n,C2,C_0805_2012Metric,C49678
10k,"R6,R7",R_0805_2012Metric,C17414
1k,"R3,R4,R12",R_0805_2012Metric,C17513
4.7k,"R8,R9",R_0805_2012Metric,C17673
470,R5,R_0805_2012Metric,C17710
AO3400A,"Q1,Q2",SOT-23,C20917
B5819W,"D1,D2,D6",D_SOD-123,C8598
DS1307Z+,U2,SOIC-8_3.9x4.9mm_P1.27mm,C2685 (verify)
FLOW yellow,D4,LED_0805_2012Metric,C2296
PUMP red,D3,LED_0805_2012Metric,C84256
RELAY blue,D7,LED_0805_2012Metric,C84259 (verify)
STATUS green,D5,LED_0805_2012Metric,C2297
