Designator,Mid X,Mid Y,Layer,Rotation
C1_5,140.600000mm,-151.000000mm,Top,0.000000
C1_6,188.600000mm,-151.000000mm,Top,0.000000
C1_7,140.600000mm,-157.000000mm,Top,0.000000
C1_8,188.600000mm,-157.000000mm,Top,0.000000
C2_1,114.900000mm,-65.200000mm,Top,90.000000
C2_2,162.900000mm,-65.200000mm,Top,90.000000
C2_3,114.900000mm,-109.200000mm,Top,90.000000
C2_4,162.900000mm,-109.200000mm,Top,90.000000
D1_1,111.000000mm,-90.600000mm,Top,90.000000
D1_2,159.000000mm,-90.600000mm,Top,90.000000
D1_3,111.000000mm,-134.600000mm,Top,90.000000
D1_4,159.000000mm,-134.600000mm,Top,90.000000
D2_1,104.000000mm,-92.000000mm,Top,0.000000
D2_2,152.000000mm,-92.000000mm,Top,0.000000
D2_3,104.000000mm,-136.000000mm,Top,0.000000
D2_4,152.000000mm,-136.000000mm,Top,0.000000
D3_1,128.500000mm,-81.000000mm,Top,0.000000
D3_2,176.500000mm,-81.000000mm,Top,0.000000
D3_3,128.500000mm,-125.000000mm,Top,0.000000
D3_4,176.500000mm,-125.000000mm,Top,0.000000
D4_1,132.600000mm,-81.000000mm,Top,0.000000
D4_2,180.600000mm,-81.000000mm,Top,0.000000
D4_3,132.600000mm,-125.000000mm,Top,0.000000
D4_4,180.600000mm,-125.000000mm,Top,0.000000
D5_1,136.700000mm,-81.000000mm,Top,0.000000
D5_2,184.700000mm,-81.000000mm,Top,0.000000
D5_3,136.700000mm,-125.000000mm,Top,0.000000
D5_4,184.700000mm,-125.000000mm,Top,0.000000
D6_1,124.600000mm,-90.000000mm,Top,90.000000
D6_2,172.600000mm,-90.000000mm,Top,90.000000
D6_3,124.600000mm,-134.000000mm,Top,90.000000
D6_4,172.600000mm,-134.000000mm,Top,90.000000
D7_1,140.800000mm,-81.000000mm,Top,0.000000
D7_2,188.800000mm,-81.000000mm,Top,0.000000
D7_3,140.800000mm,-125.000000mm,Top,0.000000
D7_4,188.800000mm,-125.000000mm,Top,0.000000
Q1_1,110.000000mm,-85.000000mm,Top,0.000000
Q1_2,158.000000mm,-85.000000mm,Top,0.000000
Q1_3,110.000000mm,-129.000000mm,Top,0.000000
Q1_4,158.000000mm,-129.000000mm,Top,0.000000
Q2_1,123.600000mm,-84.600000mm,Top,0.000000
Q2_2,171.600000mm,-84.600000mm,Top,0.000000
Q2_3,123.600000mm,-128.600000mm,Top,0.000000
Q2_4,171.600000mm,-128.600000mm,Top,0.000000
R1_1,108.500000mm,-90.600000mm,Top,90.000000
R1_2,156.500000mm,-90.600000mm,Top,90.000000
R1_3,108.500000mm,-134.600000mm,Top,90.000000
R1_4,156.500000mm,-134.600000mm,Top,90.000000
R2_1,113.600000mm,-91.600000mm,Top,90.000000
R2_2,161.600000mm,-91.600000mm,Top,90.000000
R2_3,113.600000mm,-135.600000mm,Top,90.000000
R2_4,161.600000mm,-135.600000mm,Top,90.000000
R3_1,128.500000mm,-78.000000mm,Top,0.000000
R3_2,176.500000mm,-78.000000mm,Top,0.000000
R3_3,128.500000mm,-122.000000mm,Top,0.000000
R3_4,176.500000mm,-122.000000mm,Top,0.000000
R4_1,136.700000mm,-78.000000mm,Top,0.000000
R4_2,184.700000mm,-78.000000mm,Top,0.000000
R4_3,136.700000mm,-122.000000mm,Top,0.000000
R4_4,184.700000mm,-122.000000mm,Top,0.000000
R5_1,132.600000mm,-78.000000mm,Top,0.000000
R5_2,180.600000mm,-78.000000mm,Top,0.000000
R5_3,132.600000mm,-122.000000mm,Top,0.000000
R5_4,180.600000mm,-122.000000mm,Top,0.000000
R6_1,116.000000mm,-91.600000mm,Top,90.000000
R6_2,164.000000mm,-91.600000mm,Top,90.000000
R6_3,116.000000mm,-135.600000mm,Top,90.000000
R6_4,164.000000mm,-135.600000mm,Top,90.000000
R7_1,118.400000mm,-91.600000mm,Top,90.000000
R7_2,166.400000mm,-91.600000mm,Top,90.000000
R7_3,118.400000mm,-135.600000mm,Top,90.000000
R7_4,166.400000mm,-135.600000mm,Top,90.000000
R8_1,114.900000mm,-68.900000mm,Top,90.000000
R8_2,162.900000mm,-68.900000mm,Top,90.000000
R8_3,114.900000mm,-112.900000mm,Top,90.000000
R8_4,162.900000mm,-112.900000mm,Top,90.000000
R9_1,114.900000mm,-72.600000mm,Top,90.000000
R9_2,162.900000mm,-72.600000mm,Top,90.000000
R9_3,114.900000mm,-116.600000mm,Top,90.000000
R9_4,162.900000mm,-116.600000mm,Top,90.000000
R10_1,121.300000mm,-88.200000mm,Top,90.000000
R10_2,169.300000mm,-88.200000mm,Top,90.000000
R10_3,121.300000mm,-132.200000mm,Top,90.000000
R10_4,169.300000mm,-132.200000mm,Top,90.000000
R11_1,121.300000mm,-91.900000mm,Top,90.000000
R11_2,169.300000mm,-91.900000mm,Top,90.000000
R11_3,121.300000mm,-135.900000mm,Top,90.000000
R11_4,169.300000mm,-135.900000mm,Top,90.000000
R12_1,140.800000mm,-78.000000mm,Top,0.000000
R12_2,188.800000mm,-78.000000mm,Top,0.000000
R12_3,140.800000mm,-122.000000mm,Top,0.000000
R12_4,188.800000mm,-122.000000mm,Top,0.000000
U1_5,145.000000mm,-151.000000mm,Top,0.000000
U1_6,193.000000mm,-151.000000mm,Top,0.000000
U1_7,145.000000mm,-157.000000mm,Top,0.000000
U1_8,193.000000mm,-157.000000mm,Top,0.000000
U2_1,106.600000mm,-69.000000mm,Top,90.000000
U2_2,154.600000mm,-69.000000mm,Top,90.000000
U2_3,106.600000mm,-113.000000mm,Top,90.000000
U2_4,154.600000mm,-113.000000mm,Top,90.000000
