"Reference","Value","Footprint","QUANTITY"
"C1","47u","Capacitor_SMD:C_1206_3216Metric","1"
"C2,C5","10u","Capacitor_SMD:C_0805_2012Metric","2"
"C3,C4,C7","100n","Capacitor_SMD:C_0603_1608Metric","3"
"C6","1u","Capacitor_SMD:C_0603_1608Metric","1"
"D1","LED","LED_SMD:LED_0603_1608Metric","1"
"J1","SMA 866MHz","Connector_Coaxial:SMA_Amphenol_132289_EdgeMount","1"
"J2","PROG","Connector_PinHeader_1.27mm:PinHeader_1x08_P1.27mm_Vertical","1"
"J3","LiFePO4 14500","Connector_JST:JST_PH_S2B-PH-SM4-TB_1x02-1MP_P2.00mm_Horizontal","1"
"Q1","AO3401A","Package_TO_SOT_SMD:SOT-23","1"
"Q2","2N7002","Package_TO_SOT_SMD:SOT-23","1"
"R1,R6","100k","Resistor_SMD:R_0603_1608Metric","2"
"R2,R3","10k","Resistor_SMD:R_0603_1608Metric","2"
"R4,R5","1M","Resistor_SMD:R_0603_1608Metric","2"
"R7","1k","Resistor_SMD:R_0603_1608Metric","1"
"RS1-RS13","510","Resistor_SMD:R_0402_1005Metric","13"
"SW1","PAIR/BOOT","Button_Switch_SMD:SW_SPST_TL3342","1"
"U1","ESP32-S3-MINI-1-N8","RF_Module:ESP32-S2-MINI-1","1"
"U2","ISC-SX1262-B","RF_Module:Ai-Thinker-Ra-01-LoRa","1"
