Ref,Val,Package,PosX,PosY,Rot,Side
"J3","LiFePO4 14500","JST_PH_S2B-PH-SM4-TB_1x02-1MP_P2.00mm_Horizontal",117.500000,-70.000000,180.000000,bottom
"C1","47u","C_1206_3216Metric",102.000000,-95.500000,0.000000,top
"C2","10u","C_0805_2012Metric",105.500000,-47.500000,90.000000,top
"C3","100n","C_0603_1608Metric",107.800000,-47.500000,90.000000,top
"C4","100n","C_0603_1608Metric",106.000000,-73.000000,90.000000,top
"C5","10u","C_0805_2012Metric",103.500000,-73.000000,90.000000,top
"C6","1u","C_0603_1608Metric",127.500000,-48.500000,0.000000,top
"C7","100n","C_0603_1608Metric",133.000000,-66.000000,90.000000,top
"D1","LED","LED_0603_1608Metric",128.000000,-58.500000,0.000000,top
"J1","SMA 866MHz","SMA_Amphenol_132289_EdgeMount",98.600000,-65.000000,180.000000,top
"J2","PROG","PinHeader_1x08_P1.27mm_Vertical",131.500000,-48.000000,0.000000,top
"Q1","AO3401A","SOT-23",102.000000,-89.000000,0.000000,top
"Q2","2N7002","SOT-23",130.000000,-71.000000,0.000000,top
"R1","100k","R_0603_1608Metric",102.000000,-92.000000,0.000000,top
"R2","10k","R_0603_1608Metric",127.500000,-46.500000,0.000000,top
"R3","10k","R_0603_1608Metric",103.000000,-47.500000,90.000000,top
"R4","1M","R_0603_1608Metric",129.000000,-66.000000,90.000000,top
"R5","1M","R_0603_1608Metric",131.000000,-66.000000,90.000000,top
"R6","100k","R_0603_1608Metric",134.000000,-71.000000,0.000000,top
"R7","1k","R_0603_1608Metric",128.000000,-56.500000,0.000000,top
"RS1","510","R_0402_1005Metric",125.500000,-92.000000,-90.000000,top
"RS2","510","R_0402_1005Metric",123.900000,-92.000000,-90.000000,top
"RS3","510","R_0402_1005Metric",122.300000,-92.000000,-90.000000,top
"RS4","510","R_0402_1005Metric",120.700000,-92.000000,-90.000000,top
"RS5","510","R_0402_1005Metric",119.100000,-92.000000,-90.000000,top
"RS6","510","R_0402_1005Metric",117.500000,-92.000000,-90.000000,top
"RS7","510","R_0402_1005Metric",115.900000,-92.000000,-90.000000,top
"RS8","510","R_0402_1005Metric",114.300000,-92.000000,-90.000000,top
"RS9","510","R_0402_1005Metric",112.700000,-92.000000,-90.000000,top
"RS10","510","R_0402_1005Metric",111.100000,-92.000000,-90.000000,top
"RS11","510","R_0402_1005Metric",109.500000,-92.000000,-90.000000,top
"RS12","510","R_0402_1005Metric",107.900000,-92.000000,-90.000000,top
"RS13","510","R_0402_1005Metric",127.100000,-92.000000,-90.000000,top
"SW1","PAIR/BOOT","SW_SPST_TL3342",102.500000,-54.000000,90.000000,top
"U1","ESP32-S3-MINI-1-N8","ESP32-S2-MINI-1",117.500000,-50.250000,0.000000,top
"U2","ISC-SX1262-B","Ai-Thinker-Ra-01-LoRa",117.500000,-72.000000,0.000000,top
